{
  "id": "",
  "name": "",
  "font_family": "iconfont",
  "css_prefix_text": "icon-",
  "description": "",
  "glyphs": [
    {
      "icon_id": "13744091",
      "name": "榜单",
      "font_class": "bangdan",
      "unicode": "e62f",
      "unicode_decimal": 58927
    },
    {
      "icon_id": "22227201",
      "name": "排行榜",
      "font_class": "daochu1024-02",
      "unicode": "e615",
      "unicode_decimal": 58901
    },
    {
      "icon_id": "22861722",
      "name": "奖章,第一名,冠军",
      "font_class": "a-ziyuan57",
      "unicode": "e6f3",
      "unicode_decimal": 59123
    }
  ]
}
